あああ,hisashi.iwamoto@petabit.co.jp,student,ｓｄｋｌｆじゃｓｄ；ｌｋ,M,on
,,,,,
,,,,,
岩本,hisashi.iwamoto@petabit.co.jp,student,あｌｋ；ｓｄｊｆｌ；あｋｓｄ,M,on
,,,,,
,,,,,
,,,,,
岩本,hisashi.iwamoto@petabit.co.jp,student,ｓｋｄｊｆｓｌｄｋ,F,on
ああああああ,hisashi.iwamoto@petabit.co.jp,student,じゃｓｌｋｄｆｊ；ぁｓｋｄｊｆｌ；あｓｄｋ,F,on
,,,,,
ああああああ,hisashi.iwamoto@petabit.co.jp,student,じゃｓｌｋｄｆｊ；ぁｓｋｄｊｆｌ；あｓｄｋ,F,on
,,,,,
,,,,,
いわもと,hisashi.iwamoto@petabit.co.jp,student,ｆｌｊさｄｆ；ｌじゃｓｄｌｋ,M,on
iwmaot,hisashi.iwamoto@petabit.co.jp,worker,ｆｊ；さｄｌｋｊふぁｌ；ｓｄｋ,M,on
いわもと,hisashi.iwamoto@petabit.co.jp,student,ｊふぁｓ；ｌｄｋｊｆぁ；ｋｓｄ,F,on
,,,,,
いわもと,hisashi.iwamoto@petabit.co.jp,student,ｆじゃ；ｓｄｊｆｌ；さｄｋ,F,on
いわもと,hisashi.iwamoto@petabit.co.jp,student,ｆｊさ；ｄｌｆｊｋｄｓｌ；,M,on
いわもと,hisashi.iwamoto@petabit.co.jp,student,ｋｄｊｓふぁｓ；ｄｌｊふぁ；ｌｓｄ,M,on
ああああ,hisashi.iwamoto@petabit.co.jp,worker,この文章はダミーです。文字の大きさ、量、字間、行間等を確認するために入れています。,M,on
いわもと,hisashi.iwamoto@petabit.co.jp,worker,この文章はダミーです。文字の大きさ、量、字間、行間等を確認するために入れています。,M,on
,,,,,
nama,hisashi.iwamoto@petabit.co.jp,worker,この文章はダミーです。文字の大きさ、量、字間、行間等を確認するために入れています。,M,on
iwamoto,hisashi.iwamoto@petabit.co.jp,other,aaaaaaaaaaaaaaaaaaaaaaaaaaaaaaaaaaaaaaaaaaaaaaaaaaaaaaaaaaaaaaaaaa,M,on
あああ,hisashi.iwamoto@petabit.co.jp,worker,ｆｊｓｄｆｊｓｄｌｆかｓｄ；ｌｋ,M,on
iwamoto,hisashi.iwamoto@petabit.co.jp,student,ｆｊｓｄｌｋｊふぁ；ｌｓｄｋ,M,on
iwamoto,hisashi.iwamoto@petabit.co.jp,student,ｆｊｓｄｌｋｊふぁ；ｌｓｄｋ,M,on
iwamoto,hisashi.iwamoto@petabit.co.jp,student,ｆｊｓｄｌｋｊふぁ；ｌｓｄｋ,M,on
いわもと,hisashi.iwamoto@petabit.co.jp,student,ｊｆ；ぁｄｓｋｊｆ；ぁ,M,on
いわもと,hisashi.iwamoto@petabit.co.jp,student,ｊｆ；ぁｄｓｋｊｆ；ぁ,M,on
いわもと,hisashi.iwamoto@petabit.co.jp,student,ｆｋｓｄｋｆ；ぁｓｄ,M,on
いわもと,hisashi.iwamoto@petabit.co.jp,student,ｆｊｌｓｄｊｆぁｋｓｄ,M,on
